{"train": 12.056509046592407, "test": 13.011972564623923}